"Title","Subtitle","Author","Publication","SourceType","Publisher","Volume","Issue","PubDate","AlphaDate","StartPage","EndPage","PageRange","ISSN","EISSN","ISBN","Language","DocumentUrl","DOI"
"May 15, 2009 (Page 17)","","","(Page 17)","Historical Newspapers","","","","2009-05-15","May 15, 2009","17","","","1472-5215","","","ENG","https://uoelibrary.idm.oclc.org/login?url=https://www.proquest.com/docview/2736273164?accountid=10792&bdid=62712&_bd=evqMKOJYwNuxcpLBsZYZ2d7I0LA%3D",""
"June 2, 2009 (Page 8)","","","(Page 8)","Historical Newspapers","","","","2009-06-02","Jun 2, 2009","8","","","1472-5215","","","ENG","https://uoelibrary.idm.oclc.org/login?url=https://www.proquest.com/docview/2736256787?accountid=10792&bdid=62712&_bd=j3Loc0AmbGph8xsW9TzytFxuZgM%3D",""
"June 23, 2009 (Page 11)","","","(Page 11)","Historical Newspapers","","","","2009-06-23","Jun 23, 2009","11","","","1472-5215","","","ENG","https://uoelibrary.idm.oclc.org/login?url=https://www.proquest.com/docview/2736275180?accountid=10792&bdid=62712&_bd=HlrGoVOOFpagRG7Zl%2BhT5%2F%2F0SeE%3D",""
"May 14, 2009 (Page 7)","","","(Page 7)","Historical Newspapers","","","","2009-05-14","May 14, 2009","7","","","1472-5215","","","ENG","https://uoelibrary.idm.oclc.org/login?url=https://www.proquest.com/docview/2736261854?accountid=10792&bdid=62712&_bd=ib6G8%2Bv4wd8vs8LDUhPgUMTmzM4%3D",""
"May 20, 2009 (Page 45)","","","(Page 45)","Historical Newspapers","","","","2009-05-20","May 20, 2009","45","","","1472-5215","","","ENG","https://uoelibrary.idm.oclc.org/login?url=https://www.proquest.com/docview/2736278690?accountid=10792&bdid=62712&_bd=n5cupJCf1vhM%2Bg1FIVtRGt4%2Fnl4%3D",""
"June 23, 2009 (Page 9)","","","(Page 9)","Historical Newspapers","","","","2009-06-23","Jun 23, 2009","9","","","1472-5215","","","ENG","https://uoelibrary.idm.oclc.org/login?url=https://www.proquest.com/docview/2736275184?accountid=10792&bdid=62712&_bd=d%2B7zrTEcjGviiUkU3dkj9IglUKE%3D",""
"June 16, 2009 (Page 24)","","","(Page 24)","Historical Newspapers","","","","2009-06-16","Jun 16, 2009","24","","","1472-5215","","","ENG","https://uoelibrary.idm.oclc.org/login?url=https://www.proquest.com/docview/2736260880?accountid=10792&bdid=62712&_bd=PXtWiNxSRWt2d6yYNR7zZgsgtIo%3D",""
"June 9, 2009 (Page 17)","","","(Page 17)","Historical Newspapers","","","","2009-06-09","Jun 9, 2009","17","","","1472-5215","","","ENG","https://uoelibrary.idm.oclc.org/login?url=https://www.proquest.com/docview/2736259254?accountid=10792&bdid=62712&_bd=Eyu%2BuOJV9JFdzpZMwZPXmDrlp%2Fs%3D",""
"May 18, 2009 (Page 4)","","","(Page 4)","Historical Newspapers","","","","2009-05-18","May 18, 2009","4","","","1472-5215","","","ENG","https://uoelibrary.idm.oclc.org/login?url=https://www.proquest.com/docview/2736260364?accountid=10792&bdid=62712&_bd=Rv1WPFcpmtSOGpFoSrz1fM46e7k%3D",""
"May 13, 2009 (Page 4)","","","(Page 4)","Historical Newspapers","","","","2009-05-13","May 13, 2009","4","","","1472-5215","","","ENG","https://uoelibrary.idm.oclc.org/login?url=https://www.proquest.com/docview/2736265379?accountid=10792&bdid=62712&_bd=Fo6QzxkSHyo30KYFfgq%2BFMXneFU%3D",""
"June 19, 2009 (Page 8)","","","(Page 8)","Historical Newspapers","","","","2009-06-19","Jun 19, 2009","8","","","1472-5215","","","ENG","https://uoelibrary.idm.oclc.org/login?url=https://www.proquest.com/docview/2736266068?accountid=10792&bdid=62712&_bd=J3uMEuB2K8BrwA9Sfv%2FySN4Ynrc%3D",""
"June 1, 2009 (Page 16)","","","(Page 16)","Historical Newspapers","","","","2009-06-01","Jun 1, 2009","16","","","1472-5215","","","ENG","https://uoelibrary.idm.oclc.org/login?url=https://www.proquest.com/docview/2736274817?accountid=10792&bdid=62712&_bd=rLtO4m3KG72%2BfVpWdo6uhOCf7zI%3D",""
"June 23, 2009 (Page 14)","","","(Page 14)","Historical Newspapers","","","","2009-06-23","Jun 23, 2009","14","","","1472-5215","","","ENG","https://uoelibrary.idm.oclc.org/login?url=https://www.proquest.com/docview/2736275178?accountid=10792&bdid=62712&_bd=alSkck4p4KD5BsfWC3%2BMysrGulg%3D",""
"May 20, 2009 (Page 4)","","","(Page 4)","Historical Newspapers","","","","2009-05-20","May 20, 2009","4","","","1472-5215","","","ENG","https://uoelibrary.idm.oclc.org/login?url=https://www.proquest.com/docview/2736278962?accountid=10792&bdid=62712&_bd=ZQybLXgi%2FNaLS6E%2BQ7pyNUS1tm4%3D",""
"June 29, 2009 (Page 2)","","","(Page 2)","Historical Newspapers","","","","2009-06-29","Jun 29, 2009","2","","","1472-5215","","","ENG","https://uoelibrary.idm.oclc.org/login?url=https://www.proquest.com/docview/2736258214?accountid=10792&bdid=62712&_bd=zdH95yLfl59ugIIYDMpUYcZPwGg%3D",""
"May 28, 2009 (Page 49)","","","(Page 49)","Historical Newspapers","","","","2009-05-28","May 28, 2009","49","","","1472-5215","","","ENG","https://uoelibrary.idm.oclc.org/login?url=https://www.proquest.com/docview/2736262713?accountid=10792&bdid=62712&_bd=CRyxsLMrPfJZ3BNMm8R3yUEbY1s%3D",""
"May 28, 2009 (Page 2)","","","(Page 2)","Historical Newspapers","","","","2009-05-28","May 28, 2009","2","","","1472-5215","","","ENG","https://uoelibrary.idm.oclc.org/login?url=https://www.proquest.com/docview/2736262955?accountid=10792&bdid=62712&_bd=0I87UDU3L982EjS16PZS%2BQKCiAg%3D",""
"May 14, 2009 (Page 14)","","","(Page 14)","Historical Newspapers","","","","2009-05-14","May 14, 2009","14","","","1472-5215","","","ENG","https://uoelibrary.idm.oclc.org/login?url=https://www.proquest.com/docview/2736261867?accountid=10792&bdid=62712&_bd=6CtkBGln9TRuLLR83NXttSMowE0%3D",""
"May 12, 2009 (Page 1)","","","(Page 1)","Historical Newspapers","","","","2009-05-12","May 12, 2009","1","","","1472-5215","","","ENG","https://uoelibrary.idm.oclc.org/login?url=https://www.proquest.com/docview/2736261461?accountid=10792&bdid=62712&_bd=epQcSccf5rsIg89CiSAVGDUmFDA%3D",""
"June 5, 2009 (Page 2)","","","(Page 2)","Historical Newspapers","","","","2009-06-05","Jun 5, 2009","2","","","1472-5215","","","ENG","https://uoelibrary.idm.oclc.org/login?url=https://www.proquest.com/docview/2736271930?accountid=10792&bdid=62712&_bd=I3fK6mqYzOIVcOlX7vNkp0j6AUY%3D",""
"May 29, 2009 (Page 8)","","","(Page 8)","Historical Newspapers","","","","2009-05-29","May 29, 2009","8","","","1472-5215","","","ENG","https://uoelibrary.idm.oclc.org/login?url=https://www.proquest.com/docview/2736259306?accountid=10792&bdid=62712&_bd=CdACyrjIIE%2FbIPO34IPVK%2BulVh0%3D",""
"May 18, 2009 (Page 2)","","","(Page 2)","Historical Newspapers","","","","2009-05-18","May 18, 2009","2","","","1472-5215","","","ENG","https://uoelibrary.idm.oclc.org/login?url=https://www.proquest.com/docview/2736260370?accountid=10792&bdid=62712&_bd=uZ6wisrNxrgc2EF686r9hMp1aOE%3D",""
"May 13, 2009 (Page 5)","","","(Page 5)","Historical Newspapers","","","","2009-05-13","May 13, 2009","5","","","1472-5215","","","ENG","https://uoelibrary.idm.oclc.org/login?url=https://www.proquest.com/docview/2736265382?accountid=10792&bdid=62712&_bd=0xuNiJ54skaVBUX0SO0OvQOyZ0U%3D",""
"May 15, 2009 (Page 60)","","","(Page 60)","Historical Newspapers","","","","2009-05-15","May 15, 2009","60","","","1472-5215","","","ENG","https://uoelibrary.idm.oclc.org/login?url=https://www.proquest.com/docview/2736273021?accountid=10792&bdid=62712&_bd=%2F5NEZgUP9%2FdVLezJNdFGZfGZh8M%3D",""
"June 23, 2009 (Page 8)","","","(Page 8)","Historical Newspapers","","","","2009-06-23","Jun 23, 2009","8","","","1472-5215","","","ENG","https://uoelibrary.idm.oclc.org/login?url=https://www.proquest.com/docview/2736275166?accountid=10792&bdid=62712&_bd=PeYGkcCJq8Hi5OcbMhT%2Bma8qOiQ%3D",""
"June 18, 2009 (Page 2)","","","(Page 2)","Historical Newspapers","","","","2009-06-18","Jun 18, 2009","2","","","1472-5215","","","ENG","https://uoelibrary.idm.oclc.org/login?url=https://www.proquest.com/docview/2736264948?accountid=10792&bdid=62712&_bd=zJblzgMU37s9xkP7Rml63LnLMIY%3D",""
"May 1, 2009 (Page 14)","","","(Page 14)","Historical Newspapers","","","","2009-05-01","May 1, 2009","14","","","1472-5215","","","ENG","https://uoelibrary.idm.oclc.org/login?url=https://www.proquest.com/docview/2736260745?accountid=10792&bdid=62712&_bd=Dyj9XJE1BxkMmlmypowhDa4mEFo%3D",""
"June 29, 2009 (Page 18)","","","(Page 18)","Historical Newspapers","","","","2009-06-29","Jun 29, 2009","18","","","1472-5215","","","ENG","https://uoelibrary.idm.oclc.org/login?url=https://www.proquest.com/docview/2736258266?accountid=10792&bdid=62712&_bd=0ObLhEcQuVPYUzDvaxN0grV%2Fwf4%3D",""
"June 18, 2009 (Page 4)","","","(Page 4)","Historical Newspapers","","","","2009-06-18","Jun 18, 2009","4","","","1472-5215","","","ENG","https://uoelibrary.idm.oclc.org/login?url=https://www.proquest.com/docview/2736264944?accountid=10792&bdid=62712&_bd=Te0SkbJjCzyXy83yQk0Rzq62vHg%3D",""
"April 27, 2009 (Page 2)","","","(Page 2)","Historical Newspapers","","","","2009-04-27","Apr 27, 2009","2","","","1472-5215","","","ENG","https://uoelibrary.idm.oclc.org/login?url=https://www.proquest.com/docview/2736255031?accountid=10792&bdid=62712&_bd=y8ap3PHwsYxid7JBHYC82E%2F4pVc%3D",""
"June 18, 2009 (Page 1)","","","(Page 1)","Historical Newspapers","","","","2009-06-18","Jun 18, 2009","1","","","1472-5215","","","ENG","https://uoelibrary.idm.oclc.org/login?url=https://www.proquest.com/docview/2736264946?accountid=10792&bdid=62712&_bd=%2F9rLkPGZ8DA3L%2B3zNjMW8ik9BUs%3D",""
"May 26, 2009 (Page 4)","","","(Page 4)","Historical Newspapers","","","","2009-05-26","May 26, 2009","4","","","1472-5215","","","ENG","https://uoelibrary.idm.oclc.org/login?url=https://www.proquest.com/docview/2736259361?accountid=10792&bdid=62712&_bd=rmpwi%2FxfobX8gnOsvDafvc5nN4s%3D",""
"June 18, 2009 (Page 6)","","","(Page 6)","Historical Newspapers","","","","2009-06-18","Jun 18, 2009","6","","","1472-5215","","","ENG","https://uoelibrary.idm.oclc.org/login?url=https://www.proquest.com/docview/2736264940?accountid=10792&bdid=62712&_bd=vucSLYDSliUfoWOtGfbaMfYgq1E%3D",""
"May 21, 2009 (Page 43)","","","(Page 43)","Historical Newspapers","","","","2009-05-21","May 21, 2009","43","","","1472-5215","","","ENG","https://uoelibrary.idm.oclc.org/login?url=https://www.proquest.com/docview/2736264425?accountid=10792&bdid=62712&_bd=%2Bv75x0P9U6M%2BzoMjNt0OHFOb7M8%3D",""
"May 29, 2009 (Page 48)","","","(Page 48)","Historical Newspapers","","","","2009-05-29","May 29, 2009","48","","","1472-5215","","","ENG","https://uoelibrary.idm.oclc.org/login?url=https://www.proquest.com/docview/2736259199?accountid=10792&bdid=62712&_bd=uiayeBQzqfshkcv%2FSaio%2Fm4NScA%3D",""
"June 10, 2009 (Page 17)","","","(Page 17)","Historical Newspapers","","","","2009-06-10","Jun 10, 2009","17","","","1472-5215","","","ENG","https://uoelibrary.idm.oclc.org/login?url=https://www.proquest.com/docview/2736262126?accountid=10792&bdid=62712&_bd=qq0nGxk9Xnh7f0b6T1X%2B%2F5OXwN4%3D",""
"June 19, 2009 (Page 57)","","","(Page 57)","Historical Newspapers","","","","2009-06-19","Jun 19, 2009","57","","","1472-5215","","","ENG","https://uoelibrary.idm.oclc.org/login?url=https://www.proquest.com/docview/2736265995?accountid=10792&bdid=62712&_bd=jRMUePdWDLfs%2FLtnM7NHNqnxVqs%3D",""
"May 15, 2009 (Page 4)","","","(Page 4)","Historical Newspapers","","","","2009-05-15","May 15, 2009","4","","","1472-5215","","","ENG","https://uoelibrary.idm.oclc.org/login?url=https://www.proquest.com/docview/2736272858?accountid=10792&bdid=62712&_bd=mGKrxb675D8x89UNC0MOTTxRJxY%3D",""
"May 20, 2009 (Page 5)","","","(Page 5)","Historical Newspapers","","","","2009-05-20","May 20, 2009","5","","","1472-5215","","","ENG","https://uoelibrary.idm.oclc.org/login?url=https://www.proquest.com/docview/2736278958?accountid=10792&bdid=62712&_bd=z5g1lTGNboWLrGr%2BlL%2B7ZyNdg0I%3D",""
"May 8, 2009 (Page 15)","","","(Page 15)","Historical Newspapers","","","","2009-05-08","May 8, 2009","15","","","1472-5215","","","ENG","https://uoelibrary.idm.oclc.org/login?url=https://www.proquest.com/docview/2736254508?accountid=10792&bdid=62712&_bd=hJt0NvETTzAivCdp0EQ%2BKzuNkH8%3D",""
"June 16, 2009 (Page 8)","","","(Page 8)","Historical Newspapers","","","","2009-06-16","Jun 16, 2009","8","","","1472-5215","","","ENG","https://uoelibrary.idm.oclc.org/login?url=https://www.proquest.com/docview/2736260916?accountid=10792&bdid=62712&_bd=0vdhVU42dbiHJrklwlDF2rUgsRI%3D",""
"May 11, 2009 (Page 4)","","","(Page 4)","Historical Newspapers","","","","2009-05-11","May 11, 2009","4","","","1472-5215","","","ENG","https://uoelibrary.idm.oclc.org/login?url=https://www.proquest.com/docview/2736275398?accountid=10792&bdid=62712&_bd=SKfOqUoPinErYs2q%2BCWDz9bqYYc%3D",""
"May 19, 2009 (Page 4)","","","(Page 4)","Historical Newspapers","","","","2009-05-19","May 19, 2009","4","","","1472-5215","","","ENG","https://uoelibrary.idm.oclc.org/login?url=https://www.proquest.com/docview/2736256656?accountid=10792&bdid=62712&_bd=b2lIDbx1begMrygiWoTX8kYtFwg%3D",""
"May 19, 2009 (Page 5)","","","(Page 5)","Historical Newspapers","","","","2009-05-19","May 19, 2009","5","","","1472-5215","","","ENG","https://uoelibrary.idm.oclc.org/login?url=https://www.proquest.com/docview/2736256654?accountid=10792&bdid=62712&_bd=eRFL8m3LbGDl5AMCehNDY79SOKQ%3D",""
"May 1, 2009 (Page 10)","","","(Page 10)","Historical Newspapers","","","","2009-05-01","May 1, 2009","10","","","1472-5215","","","ENG","https://uoelibrary.idm.oclc.org/login?url=https://www.proquest.com/docview/2736260755?accountid=10792&bdid=62712&_bd=IzIDHYcghm2Q0ao%2Fhu1mwmBQ7b4%3D",""
"May 8, 2009 (Page 1)","","","(Page 1)","Historical Newspapers","","","","2009-05-08","May 8, 2009","1","","","1472-5215","","","ENG","https://uoelibrary.idm.oclc.org/login?url=https://www.proquest.com/docview/2736255441?accountid=10792&bdid=62712&_bd=ZicOkAm0pi%2BcHgD8NAoCsUZODnU%3D",""
"May 29, 2009 (Page 2)","","","(Page 2)","Historical Newspapers","","","","2009-05-29","May 29, 2009","2","","","1472-5215","","","ENG","https://uoelibrary.idm.oclc.org/login?url=https://www.proquest.com/docview/2736258950?accountid=10792&bdid=62712&_bd=lUPPPLRRfuc1cCZKKb259WXi%2BR0%3D",""
"April 29, 2009 (Page 15)","","","(Page 15)","Historical Newspapers","","","","2009-04-29","Apr 29, 2009","15","","","1472-5215","","","ENG","https://uoelibrary.idm.oclc.org/login?url=https://www.proquest.com/docview/2736262537?accountid=10792&bdid=62712&_bd=tpsYUW810txNcOTT%2BaZKPbIvjEI%3D",""
"May 19, 2009 (Page 6)","","","(Page 6)","Historical Newspapers","","","","2009-05-19","May 19, 2009","6","","","1472-5215","","","ENG","https://uoelibrary.idm.oclc.org/login?url=https://www.proquest.com/docview/2736256652?accountid=10792&bdid=62712&_bd=60iGXXUGi1%2BuQHUyZz0bgiXekFQ%3D",""
"April 28, 2009 (Page 6)","","","(Page 6)","Historical Newspapers","","","","2009-04-28","Apr 28, 2009","6","","","1472-5215","","","ENG","https://uoelibrary.idm.oclc.org/login?url=https://www.proquest.com/docview/2736257187?accountid=10792&bdid=62712&_bd=29U1k6NfFfFthOr9mflmCstXA3w%3D",""
"May 1, 2009 (Page 11)","","","(Page 11)","Historical Newspapers","","","","2009-05-01","May 1, 2009","11","","","1472-5215","","","ENG","https://uoelibrary.idm.oclc.org/login?url=https://www.proquest.com/docview/2736260757?accountid=10792&bdid=62712&_bd=IXylLwbQlxrQdy054wJ3D6JzPyc%3D",""
"June 5, 2009 (Page 60)","","","(Page 60)","Historical Newspapers","","","","2009-06-05","Jun 5, 2009","60","","","1472-5215","","","ENG","https://uoelibrary.idm.oclc.org/login?url=https://www.proquest.com/docview/2736272041?accountid=10792&bdid=62712&_bd=IqMr8aYVOa70hSNJexufzzf1pS0%3D",""
"April 28, 2009 (Page 2)","","","(Page 2)","Historical Newspapers","","","","2009-04-28","Apr 28, 2009","2","","","1472-5215","","","ENG","https://uoelibrary.idm.oclc.org/login?url=https://www.proquest.com/docview/2736257193?accountid=10792&bdid=62712&_bd=YUL19U21S%2FFCYZ5jBRv%2FE6VzFzs%3D",""
"May 26, 2009 (Page 9)","","","(Page 9)","Historical Newspapers","","","","2009-05-26","May 26, 2009","9","","","1472-5215","","","ENG","https://uoelibrary.idm.oclc.org/login?url=https://www.proquest.com/docview/2736259364?accountid=10792&bdid=62712&_bd=zRp6PR%2Fz5KdQt35wjQWz5CxzIis%3D",""
"May 13, 2009 (Page 14)","","","(Page 14)","Historical Newspapers","","","","2009-05-13","May 13, 2009","14","","","1472-5215","","","ENG","https://uoelibrary.idm.oclc.org/login?url=https://www.proquest.com/docview/2736265366?accountid=10792&bdid=62712&_bd=TWx75VERFPe%2FZ3zF8LF4NfNMnLY%3D",""
"May 18, 2009 (Page 5)","","","(Page 5)","Historical Newspapers","","","","2009-05-18","May 18, 2009","5","","","1472-5215","","","ENG","https://uoelibrary.idm.oclc.org/login?url=https://www.proquest.com/docview/2736260356?accountid=10792&bdid=62712&_bd=cstk79vd%2FoE3mntI8bQIvJtLhqw%3D",""
"May 12, 2009 (Page 9)","","","(Page 9)","Historical Newspapers","","","","2009-05-12","May 12, 2009","9","","","1472-5215","","","ENG","https://uoelibrary.idm.oclc.org/login?url=https://www.proquest.com/docview/2736261442?accountid=10792&bdid=62712&_bd=vmyB%2BwHMRDghZldQQ0vmoiB1PKg%3D",""
"May 26, 2009 (Page 8)","","","(Page 8)","Historical Newspapers","","","","2009-05-26","May 26, 2009","8","","","1472-5215","","","ENG","https://uoelibrary.idm.oclc.org/login?url=https://www.proquest.com/docview/2736259368?accountid=10792&bdid=62712&_bd=E6L4UdOPsT6WKw5qOwb0Qle7AtQ%3D",""
"May 11, 2009 (Page 55)","","","(Page 55)","Historical Newspapers","","","","2009-05-11","May 11, 2009","55","","","1472-5215","","","ENG","https://uoelibrary.idm.oclc.org/login?url=https://www.proquest.com/docview/2736275319?accountid=10792&bdid=62712&_bd=%2F95exdB9rF%2BcCtslbVO23zeBARs%3D",""
"May 13, 2009 (Page 16)","","","(Page 16)","Historical Newspapers","","","","2009-05-13","May 13, 2009","16","","","1472-5215","","","ENG","https://uoelibrary.idm.oclc.org/login?url=https://www.proquest.com/docview/2736265362?accountid=10792&bdid=62712&_bd=qA%2FTmzr%2B0BI8Fp3rz%2BlgzC6mUnY%3D",""
"May 8, 2009 (Page 14)","","","(Page 14)","Historical Newspapers","","","","2009-05-08","May 8, 2009","14","","","1472-5215","","","ENG","https://uoelibrary.idm.oclc.org/login?url=https://www.proquest.com/docview/2736254516?accountid=10792&bdid=62712&_bd=J3NYWBYK4PUqn8ukbwtcjJrwC58%3D",""
"May 20, 2009 (Page 35)","","","(Page 35)","Historical Newspapers","","","","2009-05-20","May 20, 2009","35","","","1472-5215","","","ENG","https://uoelibrary.idm.oclc.org/login?url=https://www.proquest.com/docview/2736278707?accountid=10792&bdid=62712&_bd=SfOu7uN5wylGUj%2BPr0iYDP63CXc%3D",""
"June 22, 2009 (Page 6)","","","(Page 6)","Historical Newspapers","","","","2009-06-22","Jun 22, 2009","6","","","1472-5215","","","ENG","https://uoelibrary.idm.oclc.org/login?url=https://www.proquest.com/docview/2736259806?accountid=10792&bdid=62712&_bd=K4cju82XE1ZiAHaoKLmETxgCqUw%3D",""
"June 29, 2009 (Page 20)","","","(Page 20)","Historical Newspapers","","","","2009-06-29","Jun 29, 2009","20","","","1472-5215","","","ENG","https://uoelibrary.idm.oclc.org/login?url=https://www.proquest.com/docview/2736258245?accountid=10792&bdid=62712&_bd=XgTZsCNobi5myMkLnvQQfVKq%2BP0%3D",""
"May 29, 2009 (Page 58)","","","(Page 58)","Historical Newspapers","","","","2009-05-29","May 29, 2009","58","","","1472-5215","","","ENG","https://uoelibrary.idm.oclc.org/login?url=https://www.proquest.com/docview/2736259180?accountid=10792&bdid=62712&_bd=skcDVDAG%2BGBaPrzQLEfgNrosAYQ%3D",""
"April 30, 2009 (Page 2)","","","(Page 2)","Historical Newspapers","","","","2009-04-30","Apr 30, 2009","2","","","1472-5215","","","ENG","https://uoelibrary.idm.oclc.org/login?url=https://www.proquest.com/docview/2736278894?accountid=10792&bdid=62712&_bd=C9zylE0tWTRYxA%2FdP%2Fh1yPAPyuk%3D",""
"June 9, 2009 (Page 2)","","","(Page 2)","Historical Newspapers","","","","2009-06-09","Jun 9, 2009","2","","","1472-5215","","","ENG","https://uoelibrary.idm.oclc.org/login?url=https://www.proquest.com/docview/2736259296?accountid=10792&bdid=62712&_bd=E7VSSVOyQHriT%2FOd3FaJG4Sm9e0%3D",""
"May 29, 2009 (Page 9)","","","(Page 9)","Historical Newspapers","","","","2009-05-29","May 29, 2009","9","","","1472-5215","","","ENG","https://uoelibrary.idm.oclc.org/login?url=https://www.proquest.com/docview/2736259297?accountid=10792&bdid=62712&_bd=HQt0zROf5HcEInVhgjl7Jcu7LyU%3D",""
"June 17, 2009 (Page 2)","","","(Page 2)","Historical Newspapers","","","","2009-06-17","Jun 17, 2009","2","","","1472-5215","","","ENG","https://uoelibrary.idm.oclc.org/login?url=https://www.proquest.com/docview/2736264369?accountid=10792&bdid=62712&_bd=o9O1eVVSHWUTN%2BcnMg8JOfnred8%3D",""
"May 12, 2009 (Page 17)","","","(Page 17)","Historical Newspapers","","","","2009-05-12","May 12, 2009","17","","","1472-5215","","","ENG","https://uoelibrary.idm.oclc.org/login?url=https://www.proquest.com/docview/2736261412?accountid=10792&bdid=62712&_bd=%2FURnTZO0GE28%2FReZ2Te7JugkYeo%3D",""
"June 25, 2009 (Page 8)","","","(Page 8)","Historical Newspapers","","","","2009-06-25","Jun 25, 2009","8","","","1472-5215","","","ENG","https://uoelibrary.idm.oclc.org/login?url=https://www.proquest.com/docview/2736263394?accountid=10792&bdid=62712&_bd=HrBjkFJLx%2Fw6%2F2ku8TJgehAJP5U%3D",""
"April 24, 2009 (Page 4)","","","(Page 4)","Historical Newspapers","","","","2009-04-24","Apr 24, 2009","4","","","1472-5215","","","ENG","https://uoelibrary.idm.oclc.org/login?url=https://www.proquest.com/docview/2736257569?accountid=10792&bdid=62712&_bd=7nFSKsL4tRmnAIZIKYRFjBvxdOA%3D",""
"May 15, 2009 (Page 5)","","","(Page 5)","Historical Newspapers","","","","2009-05-15","May 15, 2009","5","","","1472-5215","","","ENG","https://uoelibrary.idm.oclc.org/login?url=https://www.proquest.com/docview/2736273196?accountid=10792&bdid=62712&_bd=9vR7IF4%2FCRcswzELvUWZLrD%2FTgg%3D",""
"May 12, 2009 (Page 47)","","","(Page 47)","Historical Newspapers","","","","2009-05-12","May 12, 2009","47","","","1472-5215","","","ENG","https://uoelibrary.idm.oclc.org/login?url=https://www.proquest.com/docview/2736261307?accountid=10792&bdid=62712&_bd=b%2FL8iQMswIhdWlhOATpVyt4SBiI%3D",""
"June 10, 2009 (Page 4)","","","(Page 4)","Historical Newspapers","","","","2009-06-10","Jun 10, 2009","4","","","1472-5215","","","ENG","https://uoelibrary.idm.oclc.org/login?url=https://www.proquest.com/docview/2736261781?accountid=10792&bdid=62712&_bd=4uiUc7a9KrZy%2FDcsdIMLCBwtAhc%3D",""
"June 18, 2009 (Page 8)","","","(Page 8)","Historical Newspapers","","","","2009-06-18","Jun 18, 2009","8","","","1472-5215","","","ENG","https://uoelibrary.idm.oclc.org/login?url=https://www.proquest.com/docview/2736264899?accountid=10792&bdid=62712&_bd=IZ2ZbXEpSV46V860VemN6ishyoA%3D",""
"May 29, 2009 (Page 51)","","","(Page 51)","Historical Newspapers","","","","2009-05-29","May 29, 2009","51","","","1472-5215","","","ENG","https://uoelibrary.idm.oclc.org/login?url=https://www.proquest.com/docview/2736259189?accountid=10792&bdid=62712&_bd=AbGUXtN35bjIWSVKVbhU2umAsvk%3D",""
"June 26, 2009 (Page 48)","","","(Page 48)","Historical Newspapers","","","","2009-06-26","Jun 26, 2009","48","","","1472-5215","","","ENG","https://uoelibrary.idm.oclc.org/login?url=https://www.proquest.com/docview/2736264250?accountid=10792&bdid=62712&_bd=xdudsibkEaei12sDEMTpjmigtNY%3D",""
"June 30, 2009 (Page 6)","","","(Page 6)","Historical Newspapers","","","","2009-06-30","Jun 30, 2009","6","","","1472-5215","","","ENG","https://uoelibrary.idm.oclc.org/login?url=https://www.proquest.com/docview/2736261261?accountid=10792&bdid=62712&_bd=7v6%2B2Oh5mm2Tbr9OImynoHHP58g%3D",""
"April 30, 2009 (Page 8)","","","(Page 8)","Historical Newspapers","","","","2009-04-30","Apr 30, 2009","8","","","1472-5215","","","ENG","https://uoelibrary.idm.oclc.org/login?url=https://www.proquest.com/docview/2736278877?accountid=10792&bdid=62712&_bd=9vogZapv61iAinLirTCw%2FlFdMwk%3D",""
"May 22, 2009 (Page 5)","","","(Page 5)","Historical Newspapers","","","","2009-05-22","May 22, 2009","5","","","1472-5215","","","ENG","https://uoelibrary.idm.oclc.org/login?url=https://www.proquest.com/docview/2736256847?accountid=10792&bdid=62712&_bd=rsbFIgXaHiKjBdAs7wIBhqth0fM%3D",""
"April 21, 2009 (Page 2)","","","(Page 2)","Historical Newspapers","","","","2009-04-21","Apr 21, 2009","2","","","1472-5215","","","ENG","https://uoelibrary.idm.oclc.org/login?url=https://www.proquest.com/docview/2736273223?accountid=10792&bdid=62712&_bd=clp%2F4jafYT2e3QlWTO0%2B1IJsy%2Bc%3D",""
"May 14, 2009 (Page 56)","","","(Page 56)","Historical Newspapers","","","","2009-05-14","May 14, 2009","56","","","1472-5215","","","ENG","https://uoelibrary.idm.oclc.org/login?url=https://www.proquest.com/docview/2736261635?accountid=10792&bdid=62712&_bd=yK7HrxKtCuRFW0lt%2Bk14b8pKA3g%3D",""
"May 14, 2009 (Page 4)","","","(Page 4)","Historical Newspapers","","","","2009-05-14","May 14, 2009","4","","","1472-5215","","","ENG","https://uoelibrary.idm.oclc.org/login?url=https://www.proquest.com/docview/2736261911?accountid=10792&bdid=62712&_bd=OcTkwHPblaBmT3AgmsLnwpiYjU4%3D",""
"June 8, 2009 (Page 14)","","","(Page 14)","Historical Newspapers","","","","2009-06-08","Jun 8, 2009","14","","","1472-5215","","","ENG","https://uoelibrary.idm.oclc.org/login?url=https://www.proquest.com/docview/2736260027?accountid=10792&bdid=62712&_bd=wHimtSCF%2F10FoiUj121cPRhIR8s%3D",""
"June 18, 2009 (Page 14)","","","(Page 14)","Historical Newspapers","","","","2009-06-18","Jun 18, 2009","14","","","1472-5215","","","ENG","https://uoelibrary.idm.oclc.org/login?url=https://www.proquest.com/docview/2736264865?accountid=10792&bdid=62712&_bd=doUPZGiee0O5wj98Qkax40xhq6k%3D",""
"May 26, 2009 (Page 43)","","","(Page 43)","Historical Newspapers","","","","2009-05-26","May 26, 2009","43","","","1472-5215","","","ENG","https://uoelibrary.idm.oclc.org/login?url=https://www.proquest.com/docview/2736259796?accountid=10792&bdid=62712&_bd=bczZYkbAvehVF73uJbcXbkQUyP8%3D",""
"May 13, 2009 (Page 33)","","","(Page 33)","Historical Newspapers","","","","2009-05-13","May 13, 2009","33","","","1472-5215","","","ENG","https://uoelibrary.idm.oclc.org/login?url=https://www.proquest.com/docview/2736265311?accountid=10792&bdid=62712&_bd=V2k7kj1zww0lUW6MFGNcuB2rSuo%3D",""
"May 27, 2009 (Page 44)","","","(Page 44)","Historical Newspapers","","","","2009-05-27","May 27, 2009","44","","","1472-5215","","","ENG","https://uoelibrary.idm.oclc.org/login?url=https://www.proquest.com/docview/2736264182?accountid=10792&bdid=62712&_bd=Y8%2F1jOKOLWJRB9403k5xsXbhQdM%3D",""
"May 22, 2009 (Page 4)","","","(Page 4)","Historical Newspapers","","","","2009-05-22","May 22, 2009","4","","","1472-5215","","","ENG","https://uoelibrary.idm.oclc.org/login?url=https://www.proquest.com/docview/2736256848?accountid=10792&bdid=62712&_bd=VpDzh9UM19JM%2BxV4xmo2W5wzeAo%3D",""
"April 21, 2009 (Page 14)","","","(Page 14)","Historical Newspapers","","","","2009-04-21","Apr 21, 2009","14","","","1472-5215","","","ENG","https://uoelibrary.idm.oclc.org/login?url=https://www.proquest.com/docview/2736272936?accountid=10792&bdid=62712&_bd=tBubgzit1Rn5UBZuGtAJUiZ7%2FbA%3D",""
"May 20, 2009 (Page 14)","","","(Page 14)","Historical Newspapers","","","","2009-05-20","May 20, 2009","14","","","1472-5215","","","ENG","https://uoelibrary.idm.oclc.org/login?url=https://www.proquest.com/docview/2736278746?accountid=10792&bdid=62712&_bd=TSs1KkYZyvralMSDKn0g5oNKcHQ%3D",""
"May 18, 2009 (Page 14)","","","(Page 14)","Historical Newspapers","","","","2009-05-18","May 18, 2009","14","","","1472-5215","","","ENG","https://uoelibrary.idm.oclc.org/login?url=https://www.proquest.com/docview/2736260711?accountid=10792&bdid=62712&_bd=L7wVehdqSLpm5MQ7hE94t0yhQxE%3D",""
"May 11, 2009 (Page 15)","","","(Page 15)","Historical Newspapers","","","","2009-05-11","May 11, 2009","15","","","1472-5215","","","ENG","https://uoelibrary.idm.oclc.org/login?url=https://www.proquest.com/docview/2736275070?accountid=10792&bdid=62712&_bd=r7RkWLxGUz7WvCEaqCVjTXSf%2BhM%3D",""
"May 22, 2009 (Page 22)","","","(Page 22)","Historical Newspapers","","","","2009-05-22","May 22, 2009","22","","","1472-5215","","","ENG","https://uoelibrary.idm.oclc.org/login?url=https://www.proquest.com/docview/2736256692?accountid=10792&bdid=62712&_bd=ewO7MbJHYGdnsgMaPXaneodr2Nk%3D",""
"May 28, 2009 (Page 14)","","","(Page 14)","Historical Newspapers","","","","2009-05-28","May 28, 2009","14","","","1472-5215","","","ENG","https://uoelibrary.idm.oclc.org/login?url=https://www.proquest.com/docview/2736262738?accountid=10792&bdid=62712&_bd=8U6Jh9u8aOl5zCFXabv8%2F3dBreM%3D",""
"May 28, 2009 (Page 5)","","","(Page 5)","Historical Newspapers","","","","2009-05-28","May 28, 2009","5","","","1472-5215","","","ENG","https://uoelibrary.idm.oclc.org/login?url=https://www.proquest.com/docview/2736262979?accountid=10792&bdid=62712&_bd=TkzlX8CG5m4GIxAcK8UUWXh1Emw%3D",""
"July 1, 2009 (Page 30)","","","(Page 30)","Historical Newspapers","","","","2009-07-01","Jul 1, 2009","30","","","1472-5215","","","ENG","https://uoelibrary.idm.oclc.org/login?url=https://www.proquest.com/docview/2736265168?accountid=10792&bdid=62712&_bd=oUmoEPJrdFumuRbL7U64%2Bb5Jt%2BE%3D",""
"June 1, 2009 (Page 14)","","","(Page 14)","Historical Newspapers","","","","2009-06-01","Jun 1, 2009","14","","","1472-5215","","","ENG","https://uoelibrary.idm.oclc.org/login?url=https://www.proquest.com/docview/2736274823?accountid=10792&bdid=62712&_bd=y63viqw%2FQqnhrajiaHwg28bRTtc%3D",""
"May 27, 2009 (Page 31)","","","(Page 31)","Historical Newspapers","","","","2009-05-27","May 27, 2009","31","","","1472-5215","","","ENG","https://uoelibrary.idm.oclc.org/login?url=https://www.proquest.com/docview/2736264191?accountid=10792&bdid=62712&_bd=KXbNoviuJvLIiYsTf0yH8nPdAqY%3D",""
"May 11, 2009 (Page 14)","","","(Page 14)","Historical Newspapers","","","","2009-05-11","May 11, 2009","14","","","1472-5215","","","ENG","https://uoelibrary.idm.oclc.org/login?url=https://www.proquest.com/docview/2736275068?accountid=10792&bdid=62712&_bd=UrIHQOprao2K082m6KK7GUYC%2BCA%3D",""
"May 15, 2009 (Page 1)","","","(Page 1)","Historical Newspapers","","","","2009-05-15","May 15, 2009","1","","","1472-5215","","","ENG","https://uoelibrary.idm.oclc.org/login?url=https://www.proquest.com/docview/2736272872?accountid=10792&bdid=62712&_bd=NRB6ZIujTw8%2FztBIJSYZXGf4p%2Fg%3D",""
"June 2, 2009 (Page 9)","","","(Page 9)","Historical Newspapers","","","","2009-06-02","Jun 2, 2009","9","","","1472-5215","","","ENG","https://uoelibrary.idm.oclc.org/login?url=https://www.proquest.com/docview/2736256781?accountid=10792&bdid=62712&_bd=UKmlsnoHPAzrWRmJun0ceFiGph4%3D",""
"June 17, 2009 (Page 33)","","","(Page 33)","Historical Newspapers","","","","2009-06-17","Jun 17, 2009","33","","","1472-5215","","","ENG","https://uoelibrary.idm.oclc.org/login?url=https://www.proquest.com/docview/2736263999?accountid=10792&bdid=62712&_bd=8wpF5toiEgHXUkJv9uafXIWhHSU%3D",""
"May 28, 2009 (Page 4)","","","(Page 4)","Historical Newspapers","","","","2009-05-28","May 28, 2009","4","","","1472-5215","","","ENG","https://uoelibrary.idm.oclc.org/login?url=https://www.proquest.com/docview/2736262949?accountid=10792&bdid=62712&_bd=3CIXGimIvEKxDkpfMGURQ9Xqifg%3D",""
"April 22, 2009 (Page 14)","","","(Page 14)","Historical Newspapers","","","","2009-04-22","Apr 22, 2009","14","","","1472-5215","","","ENG","https://uoelibrary.idm.oclc.org/login?url=https://www.proquest.com/docview/2736259132?accountid=10792&bdid=62712&_bd=UeCBmzb5PBxFZeF7t4QfiK78XHA%3D",""
"June 25, 2009 (Page 9)","","","(Page 9)","Historical Newspapers","","","","2009-06-25","Jun 25, 2009","9","","","1472-5215","","","ENG","https://uoelibrary.idm.oclc.org/login?url=https://www.proquest.com/docview/2736263354?accountid=10792&bdid=62712&_bd=Uf59fS9xVi%2BOCOPHYJpmyeDHTgE%3D",""
"June 4, 2009 (Page 6)","","","(Page 6)","Historical Newspapers","","","","2009-06-04","Jun 4, 2009","6","","","1472-5215","","","ENG","https://uoelibrary.idm.oclc.org/login?url=https://www.proquest.com/docview/2736262269?accountid=10792&bdid=62712&_bd=nMrrlObr%2F8Iw2Sje7GE9SsnSbtE%3D",""
"June 22, 2009 (Page 14)","","","(Page 14)","Historical Newspapers","","","","2009-06-22","Jun 22, 2009","14","","","1472-5215","","","ENG","https://uoelibrary.idm.oclc.org/login?url=https://www.proquest.com/docview/2736259499?accountid=10792&bdid=62712&_bd=ITv48KIyDt1v7%2BKoFAxPy0IEtHA%3D",""
"May 18, 2009 (Page 1)","","","(Page 1)","Historical Newspapers","","","","2009-05-18","May 18, 2009","1","","","1472-5215","","","ENG","https://uoelibrary.idm.oclc.org/login?url=https://www.proquest.com/docview/2736260367?accountid=10792&bdid=62712&_bd=hzYflccCGp%2FHZpIiLwha2S%2B5Pvo%3D",""
"May 27, 2009 (Page 39)","","","(Page 39)","Historical Newspapers","","","","2009-05-27","May 27, 2009","39","","","1472-5215","","","ENG","https://uoelibrary.idm.oclc.org/login?url=https://www.proquest.com/docview/2736264168?accountid=10792&bdid=62712&_bd=r7wi0i84zb4scZrIL7xmpEh33zE%3D",""
"May 27, 2009 (Page 15)","","","(Page 15)","Historical Newspapers","","","","2009-05-27","May 27, 2009","15","","","1472-5215","","","ENG","https://uoelibrary.idm.oclc.org/login?url=https://www.proquest.com/docview/2736264289?accountid=10792&bdid=62712&_bd=OCr6EWjQIfp1d6tUYtfKMHFc5Zk%3D",""
"June 16, 2009 (Page 23)","","","(Page 23)","Historical Newspapers","","","","2009-06-16","Jun 16, 2009","23","","","1472-5215","","","ENG","https://uoelibrary.idm.oclc.org/login?url=https://www.proquest.com/docview/2736260881?accountid=10792&bdid=62712&_bd=8tx%2B%2F%2FbaW0V%2FQ24Wd03tG39XJZo%3D",""
"May 14, 2009 (Page 46)","","","(Page 46)","Historical Newspapers","","","","2009-05-14","May 14, 2009","46","","","1472-5215","","","ENG","https://uoelibrary.idm.oclc.org/login?url=https://www.proquest.com/docview/2736262146?accountid=10792&bdid=62712&_bd=QAtIyGeP2IzgBvyrs9g1vpSDbKA%3D",""
"June 22, 2009 (Page 39)","","","(Page 39)","Historical Newspapers","","","","2009-06-22","Jun 22, 2009","39","","","1472-5215","","","ENG","https://uoelibrary.idm.oclc.org/login?url=https://www.proquest.com/docview/2736259415?accountid=10792&bdid=62712&_bd=1yRi8vlV34ITDDLUSmY0cgb8Pac%3D",""
"June 1, 2009 (Page 9)","","","(Page 9)","Historical Newspapers","","","","2009-06-01","Jun 1, 2009","9","","","1472-5215","","","ENG","https://uoelibrary.idm.oclc.org/login?url=https://www.proquest.com/docview/2736274811?accountid=10792&bdid=62712&_bd=a%2FFZSBab5SUogOEAS6mbW8UXQro%3D",""
"May 14, 2009 (Page 6)","","","(Page 6)","Historical Newspapers","","","","2009-05-14","May 14, 2009","6","","","1472-5215","","","ENG","https://uoelibrary.idm.oclc.org/login?url=https://www.proquest.com/docview/2736261905?accountid=10792&bdid=62712&_bd=5V1Py2eVbUH83p6k5gseRTNaON8%3D",""
"May 20, 2009 (Page 2)","","","(Page 2)","Historical Newspapers","","","","2009-05-20","May 20, 2009","2","","","1472-5215","","","ENG","https://uoelibrary.idm.oclc.org/login?url=https://www.proquest.com/docview/2736278968?accountid=10792&bdid=62712&_bd=B9cYHHyBvu4wovJe%2B1PNKTplTN4%3D",""
"April 30, 2009 (Page 14)","","","(Page 14)","Historical Newspapers","","","","2009-04-30","Apr 30, 2009","14","","","1472-5215","","","ENG","https://uoelibrary.idm.oclc.org/login?url=https://www.proquest.com/docview/2736278847?accountid=10792&bdid=62712&_bd=UKUzXhW3uOMIysWWeYhdaaufYaM%3D",""
"May 14, 2009 (Page 5)","","","(Page 5)","Historical Newspapers","","","","2009-05-14","May 14, 2009","5","","","1472-5215","","","ENG","https://uoelibrary.idm.oclc.org/login?url=https://www.proquest.com/docview/2736261902?accountid=10792&bdid=62712&_bd=IYIczXKplZXM2FCK965%2FBqy5%2FXY%3D",""
"May 13, 2009 (Page 35)","","","(Page 35)","Historical Newspapers","","","","2009-05-13","May 13, 2009","35","","","1472-5215","","","ENG","https://uoelibrary.idm.oclc.org/login?url=https://www.proquest.com/docview/2736265305?accountid=10792&bdid=62712&_bd=yANDPej34Qn3hix1c7RmCZR6Xzc%3D",""
"June 1, 2009 (Page 20)","","","(Page 20)","Historical Newspapers","","","","2009-06-01","Jun 1, 2009","20","","","1472-5215","","","ENG","https://uoelibrary.idm.oclc.org/login?url=https://www.proquest.com/docview/2736274809?accountid=10792&bdid=62712&_bd=iAeYm%2B7Y2LCNtj%2F6vb%2BRVr%2Bttc0%3D",""
"May 12, 2009 (Page 2)","","","(Page 2)","Historical Newspapers","","","","2009-05-12","May 12, 2009","2","","","1472-5215","","","ENG","https://uoelibrary.idm.oclc.org/login?url=https://www.proquest.com/docview/2736261464?accountid=10792&bdid=62712&_bd=zSpLyrQBxId%2BiE7RSlTUKH0vq%2Fw%3D",""
"June 17, 2009 (Page 58)","","","(Page 58)","Historical Newspapers","","","","2009-06-17","Jun 17, 2009","58","","","1472-5215","","","ENG","https://uoelibrary.idm.oclc.org/login?url=https://www.proquest.com/docview/2736264333?accountid=10792&bdid=62712&_bd=8Burx6j4LHn%2FdMT4YZKomuKajMY%3D",""
"June 17, 2009 (Page 30)","","","(Page 30)","Historical Newspapers","","","","2009-06-17","Jun 17, 2009","30","","","1472-5215","","","ENG","https://uoelibrary.idm.oclc.org/login?url=https://www.proquest.com/docview/2736264055?accountid=10792&bdid=62712&_bd=e%2B94UfI%2Bp6Rok1ozG2XUPXYhQI8%3D",""
"June 24, 2009 (Page 6)","","","(Page 6)","Historical Newspapers","","","","2009-06-24","Jun 24, 2009","6","","","1472-5215","","","ENG","https://uoelibrary.idm.oclc.org/login?url=https://www.proquest.com/docview/2736265381?accountid=10792&bdid=62712&_bd=R3Pez%2Bn%2FuqtlenTRhT1MrpaiuxU%3D",""
"June 19, 2009 (Page 1)","","","(Page 1)","Historical Newspapers","","","","2009-06-19","Jun 19, 2009","1","","","1472-5215","","","ENG","https://uoelibrary.idm.oclc.org/login?url=https://www.proquest.com/docview/2736266074?accountid=10792&bdid=62712&_bd=Hvws0wXM8gpqKSz%2FqdxW5NIhAiM%3D",""
"May 20, 2009 (Page 6)","","","(Page 6)","Historical Newspapers","","","","2009-05-20","May 20, 2009","6","","","1472-5215","","","ENG","https://uoelibrary.idm.oclc.org/login?url=https://www.proquest.com/docview/2736278955?accountid=10792&bdid=62712&_bd=5UeYxi3l9a8gnq0olmM9i%2F2k%2Bdc%3D",""
"May 19, 2009 (Page 14)","","","(Page 14)","Historical Newspapers","","","","2009-05-19","May 19, 2009","14","","","1472-5215","","","ENG","https://uoelibrary.idm.oclc.org/login?url=https://www.proquest.com/docview/2736256644?accountid=10792&bdid=62712&_bd=wu7oJbMTwkvcghvnG4ol9CAsgNM%3D",""
"May 8, 2009 (Page 6)","","","(Page 6)","Historical Newspapers","","","","2009-05-08","May 8, 2009","6","","","1472-5215","","","ENG","https://uoelibrary.idm.oclc.org/login?url=https://www.proquest.com/docview/2736255435?accountid=10792&bdid=62712&_bd=m749ICH8K1y5IhdK6XtxQcaoABY%3D",""
"June 15, 2009 (Page 6)","","","(Page 6)","Historical Newspapers","","","","2009-06-15","Jun 15, 2009","6","","","1472-5215","","","ENG","https://uoelibrary.idm.oclc.org/login?url=https://www.proquest.com/docview/2736258942?accountid=10792&bdid=62712&_bd=1wkHHISf%2FnPDmmt7P4FpI39OFD8%3D",""
"June 5, 2009 (Page 50)","","","(Page 50)","Historical Newspapers","","","","2009-06-05","Jun 5, 2009","50","","","1472-5215","","","ENG","https://uoelibrary.idm.oclc.org/login?url=https://www.proquest.com/docview/2736272059?accountid=10792&bdid=62712&_bd=rxkMx35npRXFuEmU06dK6n%2FlAvQ%3D",""
"May 8, 2009 (Page 5)","","","(Page 5)","Historical Newspapers","","","","2009-05-08","May 8, 2009","5","","","1472-5215","","","ENG","https://uoelibrary.idm.oclc.org/login?url=https://www.proquest.com/docview/2736255433?accountid=10792&bdid=62712&_bd=Q2bvm0aKzKpTQ9rm0K8nbT41HpI%3D",""
"June 4, 2009 (Page 8)","","","(Page 8)","Historical Newspapers","","","","2009-06-04","Jun 4, 2009","8","","","1472-5215","","","ENG","https://uoelibrary.idm.oclc.org/login?url=https://www.proquest.com/docview/2736262647?accountid=10792&bdid=62712&_bd=czuOXG24xo1bX%2BA2z7dmoUuDIRQ%3D",""
"May 12, 2009 (Page 8)","","","(Page 8)","Historical Newspapers","","","","2009-05-12","May 12, 2009","8","","","1472-5215","","","ENG","https://uoelibrary.idm.oclc.org/login?url=https://www.proquest.com/docview/2736261439?accountid=10792&bdid=62712&_bd=Wc1UhOJL5y%2Ft5V%2FYWDNcVvy%2FZPg%3D",""
"May 27, 2009 (Page 7)","","","(Page 7)","Historical Newspapers","","","","2009-05-27","May 27, 2009","7","","","1472-5215","","","ENG","https://uoelibrary.idm.oclc.org/login?url=https://www.proquest.com/docview/2736264309?accountid=10792&bdid=62712&_bd=sU47Ymt6mpYBKPZGm%2Bt6uWgUlps%3D",""
"May 13, 2009 (Page 7)","","","(Page 7)","Historical Newspapers","","","","2009-05-13","May 13, 2009","7","","","1472-5215","","","ENG","https://uoelibrary.idm.oclc.org/login?url=https://www.proquest.com/docview/2736265358?accountid=10792&bdid=62712&_bd=ID09b%2BHYdZxxawVcFUSdi1L6VnY%3D",""
"June 24, 2009 (Page 30)","","","(Page 30)","Historical Newspapers","","","","2009-06-24","Jun 24, 2009","30","","","1472-5215","","","ENG","https://uoelibrary.idm.oclc.org/login?url=https://www.proquest.com/docview/2736265117?accountid=10792&bdid=62712&_bd=YQQTLcJEQxi3SxZJN60EhJMWCww%3D",""
"May 21, 2009 (Page 45)","","","(Page 45)","Historical Newspapers","","","","2009-05-21","May 21, 2009","45","","","1472-5215","","","ENG","https://uoelibrary.idm.oclc.org/login?url=https://www.proquest.com/docview/2736264424?accountid=10792&bdid=62712&_bd=doSaHyfE6ZNE%2Fxmz9iJ77FWxHfY%3D",""
"June 19, 2009 (Page 15)","","","(Page 15)","Historical Newspapers","","","","2009-06-19","Jun 19, 2009","15","","","1472-5215","","","ENG","https://uoelibrary.idm.oclc.org/login?url=https://www.proquest.com/docview/2736265756?accountid=10792&bdid=62712&_bd=xRI5yiqiIlAtLxz2SEsLsvI6WJk%3D",""
"June 10, 2009 (Page 30)","","","(Page 30)","Historical Newspapers","","","","2009-06-10","Jun 10, 2009","30","","","1472-5215","","","ENG","https://uoelibrary.idm.oclc.org/login?url=https://www.proquest.com/docview/2736262087?accountid=10792&bdid=62712&_bd=6KbXKA103mCapYNqYYvi3w%2F6mhg%3D",""
"June 4, 2009 (Page 10)","","","(Page 10)","Historical Newspapers","","","","2009-06-04","Jun 4, 2009","10","","","1472-5215","","","ENG","https://uoelibrary.idm.oclc.org/login?url=https://www.proquest.com/docview/2736262643?accountid=10792&bdid=62712&_bd=i8PcukXKA%2B1jCEJXEZQy%2FdBY6do%3D",""
"May 19, 2009 (Page 44)","","","(Page 44)","Historical Newspapers","","","","2009-05-19","May 19, 2009","44","","","1472-5215","","","ENG","https://uoelibrary.idm.oclc.org/login?url=https://www.proquest.com/docview/2736256808?accountid=10792&bdid=62712&_bd=w%2FSiGwJ5WPQpmkDYqcjaAUvXkOM%3D",""
"June 17, 2009 (Page 14)","","","(Page 14)","Historical Newspapers","","","","2009-06-17","Jun 17, 2009","14","","","1472-5215","","","ENG","https://uoelibrary.idm.oclc.org/login?url=https://www.proquest.com/docview/2736264381?accountid=10792&bdid=62712&_bd=NLift6IOaZzNNmw9LckeE1YE4a0%3D",""
"April 17, 2009 (Page 9)","","","(Page 9)","Historical Newspapers","","","","2009-04-17","Apr 17, 2009","9","","","1472-5215","","","ENG","https://uoelibrary.idm.oclc.org/login?url=https://www.proquest.com/docview/2736255168?accountid=10792&bdid=62712&_bd=F7knSV4tNK%2FIw6iwaK59qdfSO%2FI%3D",""
"June 2, 2009 (Page 14)","","","(Page 14)","Historical Newspapers","","","","2009-06-02","Jun 2, 2009","14","","","1472-5215","","","ENG","https://uoelibrary.idm.oclc.org/login?url=https://www.proquest.com/docview/2736256775?accountid=10792&bdid=62712&_bd=zU07XM5NXPEaEnU%2BwwftfiX0uw0%3D",""
"June 12, 2009 (Page 8)","","","(Page 8)","Historical Newspapers","","","","2009-06-12","Jun 12, 2009","8","","","1472-5215","","","ENG","https://uoelibrary.idm.oclc.org/login?url=https://www.proquest.com/docview/2736261447?accountid=10792&bdid=62712&_bd=c59AWZL5I6%2BXtvt1Hlv2DC02i60%3D",""
"June 10, 2009 (Page 15)","","","(Page 15)","Historical Newspapers","","","","2009-06-10","Jun 10, 2009","15","","","1472-5215","","","ENG","https://uoelibrary.idm.oclc.org/login?url=https://www.proquest.com/docview/2736262139?accountid=10792&bdid=62712&_bd=DwZHBMqMmYvnbAyL0FxKahniI%2FY%3D",""
"May 27, 2009 (Page 6)","","","(Page 6)","Historical Newspapers","","","","2009-05-27","May 27, 2009","6","","","1472-5215","","","ENG","https://uoelibrary.idm.oclc.org/login?url=https://www.proquest.com/docview/2736264317?accountid=10792&bdid=62712&_bd=ssTe5dlg8JQZEW7BsDpsRzAN1y4%3D",""
"June 23, 2009 (Page 16)","","","(Page 16)","Historical Newspapers","","","","2009-06-23","Jun 23, 2009","16","","","1472-5215","","","ENG","https://uoelibrary.idm.oclc.org/login?url=https://www.proquest.com/docview/2736275152?accountid=10792&bdid=62712&_bd=xE2VZRU7%2BLuxERjfGh027IkBD0o%3D",""
"June 3, 2009 (Page 30)","","","(Page 30)","Historical Newspapers","","","","2009-06-03","Jun 3, 2009","30","","","1472-5215","","","ENG","https://uoelibrary.idm.oclc.org/login?url=https://www.proquest.com/docview/2736262776?accountid=10792&bdid=62712&_bd=ZYRhNkKpo0vmrhllj3Ctof8ilkc%3D",""
"June 22, 2009 (Page 15)","","","(Page 15)","Historical Newspapers","","","","2009-06-22","Jun 22, 2009","15","","","1472-5215","","","ENG","https://uoelibrary.idm.oclc.org/login?url=https://www.proquest.com/docview/2736259489?accountid=10792&bdid=62712&_bd=NkoR%2BGpV3Wx6X9a8aYaATj9DvAQ%3D",""
"June 22, 2009 (Page 7)","","","(Page 7)","Historical Newspapers","","","","2009-06-22","Jun 22, 2009","7","","","1472-5215","","","ENG","https://uoelibrary.idm.oclc.org/login?url=https://www.proquest.com/docview/2736259801?accountid=10792&bdid=62712&_bd=YNIR%2FHOoTAh%2Fe5OnKpKSzJA2Feg%3D",""
"May 13, 2009 (Page 13)","","","(Page 13)","Historical Newspapers","","","","2009-05-13","May 13, 2009","13","","","1472-5215","","","ENG","https://uoelibrary.idm.oclc.org/login?url=https://www.proquest.com/docview/2736265364?accountid=10792&bdid=62712&_bd=G7Fnvo%2Bf24%2B0%2FqS22oLuuKHIoPc%3D",""
"May 20, 2009 (Page 33)","","","(Page 33)","Historical Newspapers","","","","2009-05-20","May 20, 2009","33","","","1472-5215","","","ENG","https://uoelibrary.idm.oclc.org/login?url=https://www.proquest.com/docview/2736278705?accountid=10792&bdid=62712&_bd=XBAKln1gx169At1W5y1XAGs9g4M%3D",""
"June 15, 2009 (Page 16)","","","(Page 16)","Historical Newspapers","","","","2009-06-15","Jun 15, 2009","16","","","1472-5215","","","ENG","https://uoelibrary.idm.oclc.org/login?url=https://www.proquest.com/docview/2736258925?accountid=10792&bdid=62712&_bd=7S7OcVMl6%2FCZmCzEZCk0dCjzS48%3D",""
"April 24, 2009 (Page 48)","","","(Page 48)","Historical Newspapers","","","","2009-04-24","Apr 24, 2009","48","","","1472-5215","","","ENG","https://uoelibrary.idm.oclc.org/login?url=https://www.proquest.com/docview/2736257314?accountid=10792&bdid=62712&_bd=fP6GmX0piLZfECOGvQy%2B1tPfblM%3D",""
"June 23, 2009 (Page 17)","","","(Page 17)","Historical Newspapers","","","","2009-06-23","Jun 23, 2009","17","","","1472-5215","","","ENG","https://uoelibrary.idm.oclc.org/login?url=https://www.proquest.com/docview/2736275149?accountid=10792&bdid=62712&_bd=Vz5IVBI0FctWoAHAKKzgmDgO1U4%3D",""
"May 5, 2009 (Page 15)","","","(Page 15)","Historical Newspapers","","","","2009-05-05","May 5, 2009","15","","","1472-5215","","","ENG","https://uoelibrary.idm.oclc.org/login?url=https://www.proquest.com/docview/2736256981?accountid=10792&bdid=62712&_bd=h8QRCNq0eNNvUqQAcdGMlwSrd14%3D",""
"May 12, 2009 (Page 15)","","","(Page 15)","Historical Newspapers","","","","2009-05-12","May 12, 2009","15","","","1472-5215","","","ENG","https://uoelibrary.idm.oclc.org/login?url=https://www.proquest.com/docview/2736261418?accountid=10792&bdid=62712&_bd=QL86NaXDY0kc9dB78J6i0%2F4u894%3D",""
"May 1, 2009 (Page 1)","","","(Page 1)","Historical Newspapers","","","","2009-05-01","May 1, 2009","1","","","1472-5215","","","ENG","https://uoelibrary.idm.oclc.org/login?url=https://www.proquest.com/docview/2736260321?accountid=10792&bdid=62712&_bd=wv8zQB%2BsH7HB%2B0f%2BVKEc2HRww0U%3D",""
"June 2, 2009 (Page 21)","","","(Page 21)","Historical Newspapers","","","","2009-06-02","Jun 2, 2009","21","","","1472-5215","","","ENG","https://uoelibrary.idm.oclc.org/login?url=https://www.proquest.com/docview/2736256759?accountid=10792&bdid=62712&_bd=P6ltv%2FpxgdlJsWnAoRL9JTPPRGY%3D",""
"April 28, 2009 (Page 1)","","","(Page 1)","Historical Newspapers","","","","2009-04-28","Apr 28, 2009","1","","","1472-5215","","","ENG","https://uoelibrary.idm.oclc.org/login?url=https://www.proquest.com/docview/2736257202?accountid=10792&bdid=62712&_bd=VFqgNmzHyE4Eo8n1weRkMMgdM%2Bo%3D",""
"June 18, 2009 (Page 5)","","","(Page 5)","Historical Newspapers","","","","2009-06-18","Jun 18, 2009","5","","","1472-5215","","","ENG","https://uoelibrary.idm.oclc.org/login?url=https://www.proquest.com/docview/2736264938?accountid=10792&bdid=62712&_bd=X21eZ91l3ykdGp9P6BwyK6Tb5Cs%3D",""
"June 3, 2009 (Page 4)","","","(Page 4)","Historical Newspapers","","","","2009-06-03","Jun 3, 2009","4","","","1472-5215","","","ENG","https://uoelibrary.idm.oclc.org/login?url=https://www.proquest.com/docview/2736262876?accountid=10792&bdid=62712&_bd=oqhbPIgmD0%2FfFRYhKHdiLuVh8yY%3D",""
"June 19, 2009 (Page 17)","","","(Page 17)","Historical Newspapers","","","","2009-06-19","Jun 19, 2009","17","","","1472-5215","","","ENG","https://uoelibrary.idm.oclc.org/login?url=https://www.proquest.com/docview/2736265748?accountid=10792&bdid=62712&_bd=glG4xETnSSZnVxwvmH6u%2FArWDYU%3D",""
"June 18, 2009 (Page 7)","","","(Page 7)","Historical Newspapers","","","","2009-06-18","Jun 18, 2009","7","","","1472-5215","","","ENG","https://uoelibrary.idm.oclc.org/login?url=https://www.proquest.com/docview/2736264935?accountid=10792&bdid=62712&_bd=7gpAdguLw7JlbVaX4aP%2BddWxg7Y%3D",""
"May 12, 2009 (Page 12)","","","(Page 12)","Historical Newspapers","","","","2009-05-12","May 12, 2009","12","","","1472-5215","","","ENG","https://uoelibrary.idm.oclc.org/login?url=https://www.proquest.com/docview/2736261428?accountid=10792&bdid=62712&_bd=yike2lvaHeEpyQ7ZQEy5xsDpN9M%3D",""
"June 3, 2009 (Page 6)","","","(Page 6)","Historical Newspapers","","","","2009-06-03","Jun 3, 2009","6","","","1472-5215","","","ENG","https://uoelibrary.idm.oclc.org/login?url=https://www.proquest.com/docview/2736262870?accountid=10792&bdid=62712&_bd=QtwmkJiiFj1htCG6fp2AJBskOXM%3D",""
"June 3, 2009 (Page 7)","","","(Page 7)","Historical Newspapers","","","","2009-06-03","Jun 3, 2009","7","","","1472-5215","","","ENG","https://uoelibrary.idm.oclc.org/login?url=https://www.proquest.com/docview/2736262873?accountid=10792&bdid=62712&_bd=9rfHoCdWF0H75mmfn%2BSJH6lvNiM%3D",""
"June 17, 2009 (Page 15)","","","(Page 15)","Historical Newspapers","","","","2009-06-17","Jun 17, 2009","15","","","1472-5215","","","ENG","https://uoelibrary.idm.oclc.org/login?url=https://www.proquest.com/docview/2736264377?accountid=10792&bdid=62712&_bd=UV%2B6vh0hKrigDnMkKoR%2FSMzIRcE%3D",""
"May 18, 2009 (Page 38)","","","(Page 38)","Historical Newspapers","","","","2009-05-18","May 18, 2009","38","","","1472-5215","","","ENG","https://uoelibrary.idm.oclc.org/login?url=https://www.proquest.com/docview/2736260299?accountid=10792&bdid=62712&_bd=xiwqdyx%2Bqa%2BYyZj7lo%2BengMhx98%3D",""
"May 26, 2009 (Page 14)","","","(Page 14)","Historical Newspapers","","","","2009-05-26","May 26, 2009","14","","","1472-5215","","","ENG","https://uoelibrary.idm.oclc.org/login?url=https://www.proquest.com/docview/2736259349?accountid=10792&bdid=62712&_bd=JaEXqviYSZFlXx3gYfJQqsJw850%3D",""
"June 17, 2009 (Page 20)","","","(Page 20)","Historical Newspapers","","","","2009-06-17","Jun 17, 2009","20","","","1472-5215","","","ENG","https://uoelibrary.idm.oclc.org/login?url=https://www.proquest.com/docview/2736264372?accountid=10792&bdid=62712&_bd=J7Om5EzGd%2FdIxAJ%2F1nPYtdWc6JA%3D",""
"May 22, 2009 (Page 14)","","","(Page 14)","Historical Newspapers","","","","2009-05-22","May 22, 2009","14","","","1472-5215","","","ENG","https://uoelibrary.idm.oclc.org/login?url=https://www.proquest.com/docview/2736256723?accountid=10792&bdid=62712&_bd=H3Xt7MO7pFL0ywT1r%2FfQ4PVvbEI%3D",""
"May 14, 2009 (Page 2)","","","(Page 2)","Historical Newspapers","","","","2009-05-14","May 14, 2009","2","","","1472-5215","","","ENG","https://uoelibrary.idm.oclc.org/login?url=https://www.proquest.com/docview/2736261917?accountid=10792&bdid=62712&_bd=E6oFhmu0RaEaeLJSfVyZsqIvRZY%3D",""
"June 23, 2009 (Page 41)","","","(Page 41)","Historical Newspapers","","","","2009-06-23","Jun 23, 2009","41","","","1472-5215","","","ENG","https://uoelibrary.idm.oclc.org/login?url=https://www.proquest.com/docview/2736275123?accountid=10792&bdid=62712&_bd=%2Babs1eGBH9CrPoDWZOeVmB%2Fb%2FZk%3D",""
"May 5, 2009 (Page 9)","","","(Page 9)","Historical Newspapers","","","","2009-05-05","May 5, 2009","9","","","1472-5215","","","ENG","https://uoelibrary.idm.oclc.org/login?url=https://www.proquest.com/docview/2736256961?accountid=10792&bdid=62712&_bd=saizOdeEEiWNYrg5yhce54Ilu7k%3D",""
"May 18, 2009 (Page 17)","","","(Page 17)","Historical Newspapers","","","","2009-05-18","May 18, 2009","17","","","1472-5215","","","ENG","https://uoelibrary.idm.oclc.org/login?url=https://www.proquest.com/docview/2736260701?accountid=10792&bdid=62712&_bd=OwGnddJ2REfKSeg9wVmAAuC0Uy0%3D",""
"June 16, 2009 (Page 4)","","","(Page 4)","Historical Newspapers","","","","2009-06-16","Jun 16, 2009","4","","","1472-5215","","","ENG","https://uoelibrary.idm.oclc.org/login?url=https://www.proquest.com/docview/2736260786?accountid=10792&bdid=62712&_bd=wUfs4XeXLdsR5ZUOcEge9ZRJ2s8%3D",""
"May 14, 2009 (Page 1)","","","(Page 1)","Historical Newspapers","","","","2009-05-14","May 14, 2009","1","","","1472-5215","","","ENG","https://uoelibrary.idm.oclc.org/login?url=https://www.proquest.com/docview/2736261914?accountid=10792&bdid=62712&_bd=Ub5M2gXJONNr2v564kK%2BkIZu8rw%3D",""
"April 23, 2009 (Page 31)","","","(Page 31)","Historical Newspapers","","","","2009-04-23","Apr 23, 2009","31","","","1472-5215","","","ENG","https://uoelibrary.idm.oclc.org/login?url=https://www.proquest.com/docview/2736260549?accountid=10792&bdid=62712&_bd=HQ1avkJzFqszrb%2FsINfiq%2B9lDwE%3D",""
"June 9, 2009 (Page 9)","","","(Page 9)","Historical Newspapers","","","","2009-06-09","Jun 9, 2009","9","","","1472-5215","","","ENG","https://uoelibrary.idm.oclc.org/login?url=https://www.proquest.com/docview/2736259274?accountid=10792&bdid=62712&_bd=exo2o9wNd3%2BW3qbglxVOuBR%2BdEY%3D",""
"April 29, 2009 (Page 2)","","","(Page 2)","Historical Newspapers","","","","2009-04-29","Apr 29, 2009","2","","","1472-5215","","","ENG","https://uoelibrary.idm.oclc.org/login?url=https://www.proquest.com/docview/2736262562?accountid=10792&bdid=62712&_bd=mM8i5CneLk0RQpFQyAW5hyBCivg%3D",""
"May 27, 2009 (Page 33)","","","(Page 33)","Historical Newspapers","","","","2009-05-27","May 27, 2009","33","","","1472-5215","","","ENG","https://uoelibrary.idm.oclc.org/login?url=https://www.proquest.com/docview/2736264189?accountid=10792&bdid=62712&_bd=RaZ3hD0t5ypGkSbIxDWkMrBgK6I%3D",""
"June 24, 2009 (Page 2)","","","(Page 2)","Historical Newspapers","","","","2009-06-24","Jun 24, 2009","2","","","1472-5215","","","ENG","https://uoelibrary.idm.oclc.org/login?url=https://www.proquest.com/docview/2736265394?accountid=10792&bdid=62712&_bd=TGhf2J8t8XGgGvzEdYmNt9fDi3E%3D",""
"June 1, 2009 (Page 6)","","","(Page 6)","Historical Newspapers","","","","2009-06-01","Jun 1, 2009","6","","","1472-5215","","","ENG","https://uoelibrary.idm.oclc.org/login?url=https://www.proquest.com/docview/2736274559?accountid=10792&bdid=62712&_bd=WTdGogO8I68SR1SutmH5x322ug8%3D",""
"May 15, 2009 (Page 14)","","","(Page 14)","Historical Newspapers","","","","2009-05-15","May 15, 2009","14","","","1472-5215","","","ENG","https://uoelibrary.idm.oclc.org/login?url=https://www.proquest.com/docview/2736273175?accountid=10792&bdid=62712&_bd=8qjIFLwDtTIAI75syyaQShFZ0SE%3D",""
"May 8, 2009 (Page 7)","","","(Page 7)","Historical Newspapers","","","","2009-05-08","May 8, 2009","7","","","1472-5215","","","ENG","https://uoelibrary.idm.oclc.org/login?url=https://www.proquest.com/docview/2736255406?accountid=10792&bdid=62712&_bd=cvpFYw%2FMj4wPdyc99lVLIuJ2APg%3D",""
"May 6, 2009 (Page 12)","","","(Page 12)","Historical Newspapers","","","","2009-05-06","May 6, 2009","12","","","1472-5215","","","ENG","https://uoelibrary.idm.oclc.org/login?url=https://www.proquest.com/docview/2736276842?accountid=10792&bdid=62712&_bd=rwj%2B3mu%2FHjO7uu9oOuwOgAPtRrs%3D",""
"June 12, 2009 (Page 21)","","","(Page 21)","Historical Newspapers","","","","2009-06-12","Jun 12, 2009","21","","","1472-5215","","","ENG","https://uoelibrary.idm.oclc.org/login?url=https://www.proquest.com/docview/2736261408?accountid=10792&bdid=62712&_bd=dbx3TApDYFtoFK%2Fd75Q8wILD69A%3D",""
"May 28, 2009 (Page 15)","","","(Page 15)","Historical Newspapers","","","","2009-05-28","May 28, 2009","15","","","1472-5215","","","ENG","https://uoelibrary.idm.oclc.org/login?url=https://www.proquest.com/docview/2736262737?accountid=10792&bdid=62712&_bd=%2B4qC%2FGKcGKK7mEl15t1uCVd77fc%3D",""
"May 18, 2009 (Page 15)","","","(Page 15)","Historical Newspapers","","","","2009-05-18","May 18, 2009","15","","","1472-5215","","","ENG","https://uoelibrary.idm.oclc.org/login?url=https://www.proquest.com/docview/2736260714?accountid=10792&bdid=62712&_bd=63I1cLAb0lY16kfId2d%2F%2BHltXtE%3D",""
"May 28, 2009 (Page 29)","","","(Page 29)","Historical Newspapers","","","","2009-05-28","May 28, 2009","29","","","1472-5215","","","ENG","https://uoelibrary.idm.oclc.org/login?url=https://www.proquest.com/docview/2736262694?accountid=10792&bdid=62712&_bd=UazI7OVA0Egm7j%2F6fec3wJB33sI%3D",""
"June 9, 2009 (Page 37)","","","(Page 37)","Historical Newspapers","","","","2009-06-09","Jun 9, 2009","37","","","1472-5215","","","ENG","https://uoelibrary.idm.oclc.org/login?url=https://www.proquest.com/docview/2736259204?accountid=10792&bdid=62712&_bd=kEpG12E9LNNBSwlxxyYtRoIYOkM%3D",""
"May 21, 2009 (Page 7)","","","(Page 7)","Historical Newspapers","","","","2009-05-21","May 21, 2009","7","","","1472-5215","","","ENG","https://uoelibrary.idm.oclc.org/login?url=https://www.proquest.com/docview/2736264473?accountid=10792&bdid=62712&_bd=wQieHwb1MefTcpeHmKLgWMBJPZ0%3D",""
"May 22, 2009 (Page 60)","","","(Page 60)","Historical Newspapers","","","","2009-05-22","May 22, 2009","60","","","1472-5215","","","ENG","https://uoelibrary.idm.oclc.org/login?url=https://www.proquest.com/docview/2736256619?accountid=10792&bdid=62712&_bd=NSg5q2yZ8jcXaS4Z%2F5PIH3Jly6U%3D",""
"June 24, 2009 (Page 15)","","","(Page 15)","Historical Newspapers","","","","2009-06-24","Jun 24, 2009","15","","","1472-5215","","","ENG","https://uoelibrary.idm.oclc.org/login?url=https://www.proquest.com/docview/2736265160?accountid=10792&bdid=62712&_bd=udVLbymsOb%2FmW8QfvzNCgkyyUVw%3D",""
"June 2, 2009 (Page 30)","","","(Page 30)","Historical Newspapers","","","","2009-06-02","Jun 2, 2009","30","","","1472-5215","","","ENG","https://uoelibrary.idm.oclc.org/login?url=https://www.proquest.com/docview/2736256739?accountid=10792&bdid=62712&_bd=UHtYJOIhCA6YkA%2FRqSlLFE%2FO45I%3D",""
"May 8, 2009 (Page 8)","","","(Page 8)","Historical Newspapers","","","","2009-05-08","May 8, 2009","8","","","1472-5215","","","ENG","https://uoelibrary.idm.oclc.org/login?url=https://www.proquest.com/docview/2736255408?accountid=10792&bdid=62712&_bd=iKYa%2F5lQLowpM2OjkSKFWZxszkA%3D",""
"May 5, 2009 (Page 13)","","","(Page 13)","Historical Newspapers","","","","2009-05-05","May 5, 2009","13","","","1472-5215","","","ENG","https://uoelibrary.idm.oclc.org/login?url=https://www.proquest.com/docview/2736256987?accountid=10792&bdid=62712&_bd=%2F3IZB5Y%2FigUANRVKCY81jVEJqnE%3D",""
"May 29, 2009 (Page 23)","","","(Page 23)","Historical Newspapers","","","","2009-05-29","May 29, 2009","23","","","1472-5215","","","ENG","https://uoelibrary.idm.oclc.org/login?url=https://www.proquest.com/docview/2736259260?accountid=10792&bdid=62712&_bd=TWoB3Y1BOaDe%2FBSBhBkJMlg2gM4%3D",""
"May 26, 2009 (Page 39)","","","(Page 39)","Historical Newspapers","","","","2009-05-26","May 26, 2009","39","","","1472-5215","","","ENG","https://uoelibrary.idm.oclc.org/login?url=https://www.proquest.com/docview/2736259376?accountid=10792&bdid=62712&_bd=iHqmH5RYp0vdgXe79COYzQqXFc4%3D",""
"June 8, 2009 (Page 17)","","","(Page 17)","Historical Newspapers","","","","2009-06-08","Jun 8, 2009","17","","","1472-5215","","","ENG","https://uoelibrary.idm.oclc.org/login?url=https://www.proquest.com/docview/2736260048?accountid=10792&bdid=62712&_bd=EkdK0LpWmTbABK7u8rG26L5yrsg%3D",""
"May 27, 2009 (Page 14)","","","(Page 14)","Historical Newspapers","","","","2009-05-27","May 27, 2009","14","","","1472-5215","","","ENG","https://uoelibrary.idm.oclc.org/login?url=https://www.proquest.com/docview/2736264288?accountid=10792&bdid=62712&_bd=atY%2B8fJ77QYGTQxFvkK8OugrHfE%3D",""
"April 23, 2009 (Page 2)","","","(Page 2)","Historical Newspapers","","","","2009-04-23","Apr 23, 2009","2","","","1472-5215","","","ENG","https://uoelibrary.idm.oclc.org/login?url=https://www.proquest.com/docview/2736260640?accountid=10792&bdid=62712&_bd=npXhuniSTCOu5OWzw1FFv2cYNrc%3D",""
"June 19, 2009 (Page 48)","","","(Page 48)","Historical Newspapers","","","","2009-06-19","Jun 19, 2009","48","","","1472-5215","","","ENG","https://uoelibrary.idm.oclc.org/login?url=https://www.proquest.com/docview/2736266023?accountid=10792&bdid=62712&_bd=6YfuMZRq6RvUnK%2FefzuaParCDX4%3D",""
"June 2, 2009 (Page 41)","","","(Page 41)","Historical Newspapers","","","","2009-06-02","Jun 2, 2009","41","","","1472-5215","","","ENG","https://uoelibrary.idm.oclc.org/login?url=https://www.proquest.com/docview/2736256707?accountid=10792&bdid=62712&_bd=OUr%2FkuXugpG7P%2B4kI6kaJ%2BWq2oQ%3D",""
"June 8, 2009 (Page 38)","","","(Page 38)","Historical Newspapers","","","","2009-06-08","Jun 8, 2009","38","","","1472-5215","","","ENG","https://uoelibrary.idm.oclc.org/login?url=https://www.proquest.com/docview/2736259979?accountid=10792&bdid=62712&_bd=fQ4jBPPR4w6fvpAuYaJs2U4B8mo%3D",""
"May 19, 2009 (Page 40)","","","(Page 40)","Historical Newspapers","","","","2009-05-19","May 19, 2009","40","","","1472-5215","","","ENG","https://uoelibrary.idm.oclc.org/login?url=https://www.proquest.com/docview/2736256829?accountid=10792&bdid=62712&_bd=JORQUPDwWxzhNZcS9bN1tOacTJ4%3D",""
"May 20, 2009 (Page 3)","","","(Page 3)","Historical Newspapers","","","","2009-05-20","May 20, 2009","3","","","1472-5215","","","ENG","https://uoelibrary.idm.oclc.org/login?url=https://www.proquest.com/docview/2736278965?accountid=10792&bdid=62712&_bd=WMsgKQCCsxf16Fz5%2FmWKmlVO79U%3D",""
"June 15, 2009 (Page 14)","","","(Page 14)","Historical Newspapers","","","","2009-06-15","Jun 15, 2009","14","","","1472-5215","","","ENG","https://uoelibrary.idm.oclc.org/login?url=https://www.proquest.com/docview/2736258935?accountid=10792&bdid=62712&_bd=oWIC9QQZMHjVblJb%2F5qg5qgZmMw%3D",""
"June 1, 2009 (Page 40)","","","(Page 40)","Historical Newspapers","","","","2009-06-01","Jun 1, 2009","40","","","1472-5215","","","ENG","https://uoelibrary.idm.oclc.org/login?url=https://www.proquest.com/docview/2736274763?accountid=10792&bdid=62712&_bd=U1rogtKv3mOKAC3AMiLfcDFfGuo%3D",""
"June 3, 2009 (Page 5)","","","(Page 5)","Historical Newspapers","","","","2009-06-03","Jun 3, 2009","5","","","1472-5215","","","ENG","https://uoelibrary.idm.oclc.org/login?url=https://www.proquest.com/docview/2736262879?accountid=10792&bdid=62712&_bd=J3va8u2pSOVQN7Uax%2BjGPOjUBCg%3D",""
"April 23, 2009 (Page 17)","","","(Page 17)","Historical Newspapers","","","","2009-04-23","Apr 23, 2009","17","","","1472-5215","","","ENG","https://uoelibrary.idm.oclc.org/login?url=https://www.proquest.com/docview/2736260610?accountid=10792&bdid=62712&_bd=gl6vPIMkaDsP74C3UmIc8PrPpOI%3D",""
"April 29, 2009 (Page 4)","","","(Page 4)","Historical Newspapers","","","","2009-04-29","Apr 29, 2009","4","","","1472-5215","","","ENG","https://uoelibrary.idm.oclc.org/login?url=https://www.proquest.com/docview/2736262558?accountid=10792&bdid=62712&_bd=KzxOaDI40zVmjJN%2F7w6eYDM0Vac%3D",""
"June 3, 2009 (Page 43)","","","(Page 43)","Historical Newspapers","","","","2009-06-03","Jun 3, 2009","43","","","1472-5215","","","ENG","https://uoelibrary.idm.oclc.org/login?url=https://www.proquest.com/docview/2736261700?accountid=10792&bdid=62712&_bd=XNS9EipPOr211Q7PtnBQ6LzaPWU%3D",""
"May 5, 2009 (Page 8)","","","(Page 8)","Historical Newspapers","","","","2009-05-05","May 5, 2009","8","","","1472-5215","","","ENG","https://uoelibrary.idm.oclc.org/login?url=https://www.proquest.com/docview/2736257001?accountid=10792&bdid=62712&_bd=wGKI0awZOTdEiQNIjeac7ULRedc%3D",""
"April 23, 2009 (Page 34)","","","(Page 34)","Historical Newspapers","","","","2009-04-23","Apr 23, 2009","34","","","1472-5215","","","ENG","https://uoelibrary.idm.oclc.org/login?url=https://www.proquest.com/docview/2736260539?accountid=10792&bdid=62712&_bd=wvpcG2Y8C0waIfY8UNjfdjBYtho%3D",""
"April 20, 2009 (Page 7)","","","(Page 7)","Historical Newspapers","","","","2009-04-20","Apr 20, 2009","7","","","1472-5215","","","ENG","https://uoelibrary.idm.oclc.org/login?url=https://www.proquest.com/docview/2736256230?accountid=10792&bdid=62712&_bd=NGzgvnF0e0hsT5bT5xOrBOe7kzg%3D",""
"May 28, 2009 (Page 1)","","","(Page 1)","Historical Newspapers","","","","2009-05-28","May 28, 2009","1","","","1472-5215","","","ENG","https://uoelibrary.idm.oclc.org/login?url=https://www.proquest.com/docview/2736262959?accountid=10792&bdid=62712&_bd=j%2FNwBZH%2BIFItrb3NxYg08LeX6Ug%3D",""
"June 18, 2009 (Page 17)","","","(Page 17)","Historical Newspapers","","","","2009-06-18","Jun 18, 2009","17","","","1472-5215","","","ENG","https://uoelibrary.idm.oclc.org/login?url=https://www.proquest.com/docview/2736264857?accountid=10792&bdid=62712&_bd=rRK5u6nTk86E23bUMSFNhpn7Epw%3D",""
"June 17, 2009 (Page 21)","","","(Page 21)","Historical Newspapers","","","","2009-06-17","Jun 17, 2009","21","","","1472-5215","","","ENG","https://uoelibrary.idm.oclc.org/login?url=https://www.proquest.com/docview/2736264375?accountid=10792&bdid=62712&_bd=tde%2FyUZxWYS%2FxOI3oi%2F3Hco7wco%3D",""
"May 15, 2009 (Page 10)","","","(Page 10)","Historical Newspapers","","","","2009-05-15","May 15, 2009","10","","","1472-5215","","","ENG","https://uoelibrary.idm.oclc.org/login?url=https://www.proquest.com/docview/2736273187?accountid=10792&bdid=62712&_bd=KTHMHBByMD05jsHvltI%2FU7ttMR0%3D",""
"May 8, 2009 (Page 4)","","","(Page 4)","Historical Newspapers","","","","2009-05-08","May 8, 2009","4","","","1472-5215","","","ENG","https://uoelibrary.idm.oclc.org/login?url=https://www.proquest.com/docview/2736255439?accountid=10792&bdid=62712&_bd=O50DXeFJKHz4es%2F%2FwDqFP5RUx7c%3D",""
"June 2, 2009 (Page 35)","","","(Page 35)","Historical Newspapers","","","","2009-06-02","Jun 2, 2009","35","","","1472-5215","","","ENG","https://uoelibrary.idm.oclc.org/login?url=https://www.proquest.com/docview/2736256726?accountid=10792&bdid=62712&_bd=%2FKmrW5h0oO8dkkpjho1wWBA79Bs%3D",""
"April 20, 2009 (Page 14)","","","(Page 14)","Historical Newspapers","","","","2009-04-20","Apr 20, 2009","14","","","1472-5215","","","ENG","https://uoelibrary.idm.oclc.org/login?url=https://www.proquest.com/docview/2736256206?accountid=10792&bdid=62712&_bd=avglZrd08JS%2Byo4nKanyhsz3Rg8%3D",""
"May 6, 2009 (Page 8)","","","(Page 8)","Historical Newspapers","","","","2009-05-06","May 6, 2009","8","","","1472-5215","","","ENG","https://uoelibrary.idm.oclc.org/login?url=https://www.proquest.com/docview/2736276850?accountid=10792&bdid=62712&_bd=TmJG6b0tDlCi0gdt9RIq0X1UdDo%3D",""
"May 18, 2009 (Page 16)","","","(Page 16)","Historical Newspapers","","","","2009-05-18","May 18, 2009","16","","","1472-5215","","","ENG","https://uoelibrary.idm.oclc.org/login?url=https://www.proquest.com/docview/2736260706?accountid=10792&bdid=62712&_bd=ctOPVS%2Fjaa7h0ko0Hs1eX2hx4UY%3D",""
"June 1, 2009 (Page 7)","","","(Page 7)","Historical Newspapers","","","","2009-06-01","Jun 1, 2009","7","","","1472-5215","","","ENG","https://uoelibrary.idm.oclc.org/login?url=https://www.proquest.com/docview/2736274551?accountid=10792&bdid=62712&_bd=p4kYn3BiZtFjg1fV0oybOM671Gk%3D",""
"June 2, 2009 (Page 16)","","","(Page 16)","Historical Newspapers","","","","2009-06-02","Jun 2, 2009","16","","","1472-5215","","","ENG","https://uoelibrary.idm.oclc.org/login?url=https://www.proquest.com/docview/2736256765?accountid=10792&bdid=62712&_bd=6LSDOt%2FawIslNY3jsNkMWuT4QTE%3D",""
"April 20, 2009 (Page 16)","","","(Page 16)","Historical Newspapers","","","","2009-04-20","Apr 20, 2009","16","","","1472-5215","","","ENG","https://uoelibrary.idm.oclc.org/login?url=https://www.proquest.com/docview/2736256200?accountid=10792&bdid=62712&_bd=icbqkQ43lMlRuQjDKCpLvsqfRKo%3D",""
"May 28, 2009 (Page 17)","","","(Page 17)","Historical Newspapers","","","","2009-05-28","May 28, 2009","17","","","1472-5215","","","ENG","https://uoelibrary.idm.oclc.org/login?url=https://www.proquest.com/docview/2736262724?accountid=10792&bdid=62712&_bd=7D5sjGQCtJ4H1zPiK1lYCYvrXIM%3D",""
"June 29, 2009 (Page 9)","","","(Page 9)","Historical Newspapers","","","","2009-06-29","Jun 29, 2009","9","","","1472-5215","","","ENG","https://uoelibrary.idm.oclc.org/login?url=https://www.proquest.com/docview/2736258221?accountid=10792&bdid=62712&_bd=T6eZ2ChfGHgUqxqdO0%2FK8h1xCK8%3D",""
"June 3, 2009 (Page 14)","","","(Page 14)","Historical Newspapers","","","","2009-06-03","Jun 3, 2009","14","","","1472-5215","","","ENG","https://uoelibrary.idm.oclc.org/login?url=https://www.proquest.com/docview/2736262847?accountid=10792&bdid=62712&_bd=d7VwwhH4pdSpy9FJbFnerc1Oc7E%3D",""
"April 17, 2009 (Page 43)","","","(Page 43)","Historical Newspapers","","","","2009-04-17","Apr 17, 2009","43","","","1472-5215","","","ENG","https://uoelibrary.idm.oclc.org/login?url=https://www.proquest.com/docview/2736255194?accountid=10792&bdid=62712&_bd=c%2FX2ajLbEeuFOS5c%2B6hgFLv1MVE%3D",""
"June 29, 2009 (Page 15)","","","(Page 15)","Historical Newspapers","","","","2009-06-29","Jun 29, 2009","15","","","1472-5215","","","ENG","https://uoelibrary.idm.oclc.org/login?url=https://www.proquest.com/docview/2736258262?accountid=10792&bdid=62712&_bd=yU2%2FLC8HYt%2BxBxx2Y6qK2gvEKdY%3D",""
"June 4, 2009 (Page 9)","","","(Page 9)","Historical Newspapers","","","","2009-06-04","Jun 4, 2009","9","","","1472-5215","","","ENG","https://uoelibrary.idm.oclc.org/login?url=https://www.proquest.com/docview/2736262640?accountid=10792&bdid=62712&_bd=BjY7MHnhx1Ky5LI0sf0PaAUgtJU%3D",""
"June 25, 2009 (Page 2)","","","(Page 2)","Historical Newspapers","","","","2009-06-25","Jun 25, 2009","2","","","1472-5215","","","ENG","https://uoelibrary.idm.oclc.org/login?url=https://www.proquest.com/docview/2736263410?accountid=10792&bdid=62712&_bd=zP7AmkhcpinK6q4V5n17nXNZlr0%3D",""
"June 30, 2009 (Page 2)","","","(Page 2)","Historical Newspapers","","","","2009-06-30","Jun 30, 2009","2","","","1472-5215","","","ENG","https://uoelibrary.idm.oclc.org/login?url=https://www.proquest.com/docview/2736261273?accountid=10792&bdid=62712&_bd=dYDt4FesBQorCv69KqsWllPPBqI%3D",""
"June 5, 2009 (Page 4)","","","(Page 4)","Historical Newspapers","","","","2009-06-05","Jun 5, 2009","4","","","1472-5215","","","ENG","https://uoelibrary.idm.oclc.org/login?url=https://www.proquest.com/docview/2736271929?accountid=10792&bdid=62712&_bd=%2BN9fqp3dQEh92GZUpeHmZOoqcno%3D",""
"June 8, 2009 (Page 7)","","","(Page 7)","Historical Newspapers","","","","2009-06-08","Jun 8, 2009","7","","","1472-5215","","","ENG","https://uoelibrary.idm.oclc.org/login?url=https://www.proquest.com/docview/2736260067?accountid=10792&bdid=62712&_bd=6qEz1imHJ%2F4uR%2BnFrxSKQbb1bEg%3D",""
"June 25, 2009 (Page 12)","","","(Page 12)","Historical Newspapers","","","","2009-06-25","Jun 25, 2009","12","","","1472-5215","","","ENG","https://uoelibrary.idm.oclc.org/login?url=https://www.proquest.com/docview/2736263378?accountid=10792&bdid=62712&_bd=P4YNpGrf52j%2FzAFXjxLTio8NFWA%3D",""
"May 19, 2009 (Page 45)","","","(Page 45)","Historical Newspapers","","","","2009-05-19","May 19, 2009","45","","","1472-5215","","","ENG","https://uoelibrary.idm.oclc.org/login?url=https://www.proquest.com/docview/2736256809?accountid=10792&bdid=62712&_bd=Me1e1nQzykW1D2rGwbk4OI%2BN6c0%3D",""
"June 25, 2009 (Page 14)","","","(Page 14)","Historical Newspapers","","","","2009-06-25","Jun 25, 2009","14","","","1472-5215","","","ENG","https://uoelibrary.idm.oclc.org/login?url=https://www.proquest.com/docview/2736263372?accountid=10792&bdid=62712&_bd=aPxqkSXHtvFlU8ZplZVkIF4ORqU%3D",""
"June 8, 2009 (Page 45)","","","(Page 45)","Historical Newspapers","","","","2009-06-08","Jun 8, 2009","45","","","1472-5215","","","ENG","https://uoelibrary.idm.oclc.org/login?url=https://www.proquest.com/docview/2736259959?accountid=10792&bdid=62712&_bd=OTe2O7uLrd8QW%2FH4MoZoeMWr2Dw%3D",""
"June 1, 2009 (Page 31)","","","(Page 31)","Historical Newspapers","","","","2009-06-01","Jun 1, 2009","31","","","1472-5215","","","ENG","https://uoelibrary.idm.oclc.org/login?url=https://www.proquest.com/docview/2736274782?accountid=10792&bdid=62712&_bd=30egBNNOc10ousCvSVwwKjBm6bg%3D",""
"April 20, 2009 (Page 53)","","","(Page 53)","Historical Newspapers","","","","2009-04-20","Apr 20, 2009","53","","","1472-5215","","","ENG","https://uoelibrary.idm.oclc.org/login?url=https://www.proquest.com/docview/2736256457?accountid=10792&bdid=62712&_bd=EkCjda6i4Hx%2FjUw0L0ylFxp2n04%3D",""
"May 20, 2009 (Page 15)","","","(Page 15)","Historical Newspapers","","","","2009-05-20","May 20, 2009","15","","","1472-5215","","","ENG","https://uoelibrary.idm.oclc.org/login?url=https://www.proquest.com/docview/2736278741?accountid=10792&bdid=62712&_bd=GrEKYuf7qfG8ICSXmr5ENbZzdcA%3D",""
"June 1, 2009 (Page 17)","","","(Page 17)","Historical Newspapers","","","","2009-06-01","Jun 1, 2009","17","","","1472-5215","","","ENG","https://uoelibrary.idm.oclc.org/login?url=https://www.proquest.com/docview/2736274820?accountid=10792&bdid=62712&_bd=T80JyRe6oKgyWBhyXprmZMyhM1k%3D",""
"May 15, 2009 (Page 53)","","","(Page 53)","Historical Newspapers","","","","2009-05-15","May 15, 2009","53","","","1472-5215","","","ENG","https://uoelibrary.idm.oclc.org/login?url=https://www.proquest.com/docview/2736273014?accountid=10792&bdid=62712&_bd=GNwrb3aCtXiK7lDKX2LbHTfaAhg%3D",""
"June 3, 2009 (Page 33)","","","(Page 33)","Historical Newspapers","","","","2009-06-03","Jun 3, 2009","33","","","1472-5215","","","ENG","https://uoelibrary.idm.oclc.org/login?url=https://www.proquest.com/docview/2736261688?accountid=10792&bdid=62712&_bd=dekQ3m539yNelqgXUn3hWdPLTCI%3D",""
"May 29, 2009 (Page 11)","","","(Page 11)","Historical Newspapers","","","","2009-05-29","May 29, 2009","11","","","1472-5215","","","ENG","https://uoelibrary.idm.oclc.org/login?url=https://www.proquest.com/docview/2736259291?accountid=10792&bdid=62712&_bd=EkYEXH0Rhyl%2B2Y%2F6JJDQfozwY5Q%3D",""
"May 11, 2009 (Page 2)","","","(Page 2)","Historical Newspapers","","","","2009-05-11","May 11, 2009","2","","","1472-5215","","","ENG","https://uoelibrary.idm.oclc.org/login?url=https://www.proquest.com/docview/2736275396?accountid=10792&bdid=62712&_bd=Ows47tlzbeUiX1Yi4HHCKQU4lAI%3D",""
"May 14, 2009 (Page 31)","","","(Page 31)","Historical Newspapers","","","","2009-05-14","May 14, 2009","31","","","1472-5215","","","ENG","https://uoelibrary.idm.oclc.org/login?url=https://www.proquest.com/docview/2736261803?accountid=10792&bdid=62712&_bd=9EGF%2F6zWU%2F6XUdj22xo8LmF7Teo%3D",""
"June 5, 2009 (Page 7)","","","(Page 7)","Historical Newspapers","","","","2009-06-05","Jun 5, 2009","7","","","1472-5215","","","ENG","https://uoelibrary.idm.oclc.org/login?url=https://www.proquest.com/docview/2736271915?accountid=10792&bdid=62712&_bd=xp2VBov1V6ycexUNUx8x1XYYmPk%3D",""
"June 22, 2009 (Page 17)","","","(Page 17)","Historical Newspapers","","","","2009-06-22","Jun 22, 2009","17","","","1472-5215","","","ENG","https://uoelibrary.idm.oclc.org/login?url=https://www.proquest.com/docview/2736259483?accountid=10792&bdid=62712&_bd=8veGWidSPm7V8pJARRzHkrl%2F%2FWQ%3D",""
"June 3, 2009 (Page 1)","","","(Page 1)","Historical Newspapers","","","","2009-06-03","Jun 3, 2009","1","","","1472-5215","","","ENG","https://uoelibrary.idm.oclc.org/login?url=https://www.proquest.com/docview/2736262890?accountid=10792&bdid=62712&_bd=Ls%2FpAV1stt5QDKqMiPCXKFF8UIM%3D",""
"June 5, 2009 (Page 6)","","","(Page 6)","Historical Newspapers","","","","2009-06-05","Jun 5, 2009","6","","","1472-5215","","","ENG","https://uoelibrary.idm.oclc.org/login?url=https://www.proquest.com/docview/2736271918?accountid=10792&bdid=62712&_bd=S8Lh6ArzLawnqGYLB%2Fx%2BC5DYwEg%3D",""
"June 4, 2009 (Page 49)","","","(Page 49)","Historical Newspapers","","","","2009-06-04","Jun 4, 2009","49","","","1472-5215","","","ENG","https://uoelibrary.idm.oclc.org/login?url=https://www.proquest.com/docview/2736262494?accountid=10792&bdid=62712&_bd=B1KotbFw0Ed%2B7jd0lopPxlab648%3D",""
"May 21, 2009 (Page 8)","","","(Page 8)","Historical Newspapers","","","","2009-05-21","May 21, 2009","8","","","1472-5215","","","ENG","https://uoelibrary.idm.oclc.org/login?url=https://www.proquest.com/docview/2736264470?accountid=10792&bdid=62712&_bd=3u5mUMrsZiPqATnXFmU9ifVtxUQ%3D",""
"June 22, 2009 (Page 8)","","","(Page 8)","Historical Newspapers","","","","2009-06-22","Jun 22, 2009","8","","","1472-5215","","","ENG","https://uoelibrary.idm.oclc.org/login?url=https://www.proquest.com/docview/2736259800?accountid=10792&bdid=62712&_bd=CjJqf5APab28nvXpWWmB%2Fa58dQU%3D",""
